n,x0,gapII,family_gapII,num_it
6,1/2 1/2 1 0 0 1/2 0 1 0 0 0 1 1/2 1/2 1/2,1.111111,1.333333,0
